[
  {
    "chunk_id": 0,
    "start_time": 1768119376.8294477,
    "tactile_events": [],
    "force_corrections": [],
    "success": true,
    "duration_actual": 1.7106201648712158
  },
  {
    "chunk_id": 1,
    "start_time": 1768119378.5420556,
    "tactile_events": [],
    "force_corrections": [],
    "success": true,
    "duration_actual": 1.7170791625976562
  },
  {
    "chunk_id": 2,
    "start_time": 1768119380.2681508,
    "tactile_events": [],
    "force_corrections": [],
    "success": true,
    "duration_actual": 1.7319769859313965
  },
  {
    "chunk_id": 3,
    "start_time": 1768119382.0048184,
    "tactile_events": [],
    "force_corrections": [],
    "success": true,
    "duration_actual": 1.727656602859497
  },
  {
    "chunk_id": 4,
    "start_time": 1768119383.7395878,
    "tactile_events": [],
    "force_corrections": [],
    "success": true,
    "duration_actual": 1.7318453788757324
  },
  {
    "chunk_id": 5,
    "start_time": 1768119385.4736528,
    "tactile_events": [],
    "force_corrections": [],
    "success": true,
    "duration_actual": 1.7197675704956055
  },
  {
    "chunk_id": 6,
    "start_time": 1768119387.1969008,
    "tactile_events": [],
    "force_corrections": [],
    "success": true,
    "duration_actual": 1.731048822402954
  },
  {
    "chunk_id": 0,
    "start_time": 1768119414.3133085,
    "tactile_events": [],
    "force_corrections": [],
    "success": true,
    "duration_actual": 1.728513240814209
  },
  {
    "chunk_id": 1,
    "start_time": 1768119416.0488768,
    "tactile_events": [],
    "force_corrections": [],
    "success": true,
    "duration_actual": 1.7239885330200195
  },
  {
    "chunk_id": 2,
    "start_time": 1768119417.7775736,
    "tactile_events": [],
    "force_corrections": [],
    "success": true,
    "duration_actual": 1.7430782318115234
  },
  {
    "chunk_id": 0,
    "start_time": 1768119453.9601285,
    "tactile_events": [],
    "force_corrections": [],
    "success": true,
    "duration_actual": 1.7437515258789062
  }
]