[
  {
    "chunk_id": 0,
    "start_time": 1768118752.3447325,
    "tactile_events": [],
    "force_corrections": [],
    "success": true,
    "duration_actual": 1.6966238021850586
  },
  {
    "chunk_id": 1,
    "start_time": 1768118754.0431406,
    "tactile_events": [],
    "force_corrections": [],
    "success": true,
    "duration_actual": 1.7192611694335938
  },
  {
    "chunk_id": 2,
    "start_time": 1768118755.76912,
    "tactile_events": [],
    "force_corrections": [],
    "success": true,
    "duration_actual": 1.7051568031311035
  },
  {
    "chunk_id": 3,
    "start_time": 1768118757.4765778,
    "tactile_events": [],
    "force_corrections": [],
    "success": true,
    "duration_actual": 1.7167878150939941
  },
  {
    "chunk_id": 4,
    "start_time": 1768118759.196808,
    "tactile_events": [],
    "force_corrections": [],
    "success": true,
    "duration_actual": 1.728520393371582
  },
  {
    "chunk_id": 5,
    "start_time": 1768118760.9294822,
    "tactile_events": [],
    "force_corrections": [],
    "success": true,
    "duration_actual": 1.7194766998291016
  },
  {
    "chunk_id": 6,
    "start_time": 1768118762.6519258,
    "tactile_events": [],
    "force_corrections": [],
    "success": true,
    "duration_actual": 1.7256999015808105
  },
  {
    "chunk_id": 0,
    "start_time": 1768118775.5964203,
    "tactile_events": [],
    "force_corrections": [],
    "success": true,
    "duration_actual": 1.719656229019165
  },
  {
    "chunk_id": 0,
    "start_time": 1768118786.7011008,
    "tactile_events": [],
    "force_corrections": [],
    "success": true,
    "duration_actual": 1.707596778869629
  },
  {
    "chunk_id": 1,
    "start_time": 1768118788.41081,
    "tactile_events": [],
    "force_corrections": [],
    "success": true,
    "duration_actual": 1.7113935947418213
  },
  {
    "chunk_id": 2,
    "start_time": 1768118790.1240988,
    "tactile_events": [],
    "force_corrections": [],
    "success": true,
    "duration_actual": 1.707493782043457
  },
  {
    "chunk_id": 0,
    "start_time": 1768118804.946552,
    "tactile_events": [],
    "force_corrections": [],
    "success": true,
    "duration_actual": 1.7297439575195312
  }
]