[
  {
    "chunk_id": 0,
    "start_time": 1768139573.735619,
    "tactile_events": [],
    "force_corrections": [],
    "success": true,
    "duration_actual": 1.7310233116149902
  },
  {
    "chunk_id": 1,
    "start_time": 1768139575.4686759,
    "tactile_events": [],
    "force_corrections": [],
    "success": true,
    "duration_actual": 1.7114498615264893
  },
  {
    "chunk_id": 2,
    "start_time": 1768139577.1855638,
    "tactile_events": [],
    "force_corrections": [],
    "success": true,
    "duration_actual": 1.743149757385254
  },
  {
    "chunk_id": 3,
    "start_time": 1768139578.933452,
    "tactile_events": [],
    "force_corrections": [],
    "success": true,
    "duration_actual": 1.7335176467895508
  },
  {
    "chunk_id": 4,
    "start_time": 1768139580.6715066,
    "tactile_events": [],
    "force_corrections": [],
    "success": true,
    "duration_actual": 1.7438700199127197
  },
  {
    "chunk_id": 5,
    "start_time": 1768139582.4208968,
    "tactile_events": [],
    "force_corrections": [],
    "success": true,
    "duration_actual": 1.7451629638671875
  },
  {
    "chunk_id": 6,
    "start_time": 1768139584.171305,
    "tactile_events": [],
    "force_corrections": [],
    "success": true,
    "duration_actual": 1.7425658702850342
  },
  {
    "chunk_id": 0,
    "start_time": 1768139592.4522753,
    "tactile_events": [],
    "force_corrections": [],
    "success": true,
    "duration_actual": 1.7228641510009766
  },
  {
    "chunk_id": 1,
    "start_time": 1768139594.1796107,
    "tactile_events": [],
    "force_corrections": [],
    "success": true,
    "duration_actual": 1.713888168334961
  },
  {
    "chunk_id": 2,
    "start_time": 1768139595.898002,
    "tactile_events": [],
    "force_corrections": [],
    "success": true,
    "duration_actual": 1.7273731231689453
  },
  {
    "chunk_id": 0,
    "start_time": 1768139603.882695,
    "tactile_events": [],
    "force_corrections": [],
    "success": true,
    "duration_actual": 1.7261369228363037
  }
]